column1,column2
  Artificial intelligence ,
Machine learning ,Electric vehicle charging stations
Blockchain technology,EV charging infrastructure
Internet of Things ,Charging station networks
Cybersecurity,Fast charging stations
Augmented reality and virtual reality ,Public charging stations
Quantum computing,Home charging stations
5G technology,Portable charging stations
Edge computing,Solar-powered charging stations
Robotics,Wireless charging stations
Cloud computing,Level 2 charging stations
Natural Language Processing ,Level 3 charging stations
Autonomous vehicles,DC fast charging stations
Biotechnology,Charging station management systems
Renewable energy technology,Multi-port charging stations
Nanotechnology,On-street charging stations
Space exploration technology,Workplace charging stations
Wearable technology,Destination charging stations
3D printing,EV charging connectors
Human augmentation technology,EV charging cables
,Charging station installation services.
